Workbook

Sheet Portada
A1: CafeTec · Bitácora Lean
A2: Lean Software Development · los 6 equipos programan en la misma sesión; el equipo organizador revisa
B4: Cómo se llena | H4: Los 7 desperdicios
B5: ANTES | C5: Cada equipo escribe su developer e integrantes en la tabla de abajo. | H5: Espera
B6: DURANTE | C6: El encargado de flujo anota desperdicios con python probar.py --desperdicio. Esperas, retrabajo y cambios de tarea se registran solos. | H6: Detenidos esperando a alguien o algo
B7: AL CERRAR EL PR | C7: El equipo organizador revisa el PR y anota horas y cambios pedidos en la hoja Revisiones. | H7: Retrabajo / defecto
B8: AL FINAL | C8: python probar.py --metricas <modulo>: pegar metricas_<modulo>.txt en Flujo (celda ◀) y desperdicios_<modulo>.txt en Desperdicios. | H8: Corregir lo que ya estaba "terminado"
B9: RETRO | C9: Cada equipo responde su fila en Retrospectiva. La hoja Resultados se calcula sola. | H9: Trabajo parcialmente hecho
H10: Algo empezado y sin cerrar
B11: Equipos | H11: Cambio de tarea
B12: Equipo | C12: Módulo | D12: Developer | E12: Integrantes | F12: Lo revisa | H12: Saltar entre actividades
B13: Equipo 1 | C13: Usuarios | F13: Organizador | H13: Funcionalidad extra
B14: Equipo 2 | C14: Catálogo | F14: Organizador | H14: Programar lo que no se pidió
B15: Equipo 3 | C15: Pedidos | F15: Organizador | H15: Transferencia / traspaso
B16: Equipo 4 | C16: Caja | F16: Organizador | H16: Información perdida entre personas
B17: Equipo 5 | C17: Inventario | F17: Organizador | H17: Demoras de proceso
B18: Equipo 6 | C18: Reportes | F18: Organizador | H18: Pasos que no agregan valor
B20: Meta y leyenda
B21: Meta de lead time por actividad (min) | E21: 12
B22: Texto azul en fondo blanco | C22: Lo llenan ustedes
B23: Fondo arena | C23: Se calcula solo; no se edita
B24: Fondo durazno | C24: Dato fijo de la actividad

Sheet Flujo
A1: Flujo de trabajo
A2: Pega aquí la salida de python probar.py --metricas <modulo>, empezando en la celda ◀ de tu equipo (columna Act.)
A4: Equipo | B4: Módulo | C4: Revisa | D4: Act. | E4: Función | F4: Inicio | G4: Fin | H4: Lead (min) | I4: Espera (min) | J4: Corridas | K4: Defectos | L4: Min corrigiendo | M4: ¿Bien a la 1a? | N4: Tiempo de valor | O4: Eficiencia de flujo | P4: Semáforo
A5: Equipo 1 | B5: Usuarios | C5: Organizador | D5: ◀ 1 | E5: listar_usuarios | N5: =IF(ISNUMBER(H5),H5-N(I5),"") | O5: =IF(AND(ISNUMBER(H5),N(H5)>0),(H5-N(I5))/H5,"") | P5: =IF(ISNUMBER(H5),IF(H5<=Portada!$E$21,"En meta","Arriba"),"")
A6: Equipo 1 | B6: Usuarios | C6: Organizador | D6: 2 | E6: registrar_usuario | N6: =IF(ISNUMBER(H6),H6-N(I6),"") | O6: =IF(AND(ISNUMBER(H6),N(H6)>0),(H6-N(I6))/H6,"") | P6: =IF(ISNUMBER(H6),IF(H6<=Portada!$E$21,"En meta","Arriba"),"")
A7: Equipo 1 | B7: Usuarios | C7: Organizador | D7: 3 | E7: cambiar_estado_usuario | N7: =IF(ISNUMBER(H7),H7-N(I7),"") | O7: =IF(AND(ISNUMBER(H7),N(H7)>0),(H7-N(I7))/H7,"") | P7: =IF(ISNUMBER(H7),IF(H7<=Portada!$E$21,"En meta","Arriba"),"")
A8: Equipo 2 | B8: Catálogo | C8: Organizador | D8: ◀ 1 | E8: listar_menu | N8: =IF(ISNUMBER(H8),H8-N(I8),"") | O8: =IF(AND(ISNUMBER(H8),N(H8)>0),(H8-N(I8))/H8,"") | P8: =IF(ISNUMBER(H8),IF(H8<=Portada!$E$21,"En meta","Arriba"),"")
A9: Equipo 2 | B9: Catálogo | C9: Organizador | D9: 2 | E9: agregar_producto | N9: =IF(ISNUMBER(H9),H9-N(I9),"") | O9: =IF(AND(ISNUMBER(H9),N(H9)>0),(H9-N(I9))/H9,"") | P9: =IF(ISNUMBER(H9),IF(H9<=Portada!$E$21,"En meta","Arriba"),"")
A10: Equipo 2 | B10: Catálogo | C10: Organizador | D10: 3 | E10: cambiar_precio | N10: =IF(ISNUMBER(H10),H10-N(I10),"") | O10: =IF(AND(ISNUMBER(H10),N(H10)>0),(H10-N(I10))/H10,"") | P10: =IF(ISNUMBER(H10),IF(H10<=Portada!$E$21,"En meta","Arriba"),"")
A11: Equipo 3 | B11: Pedidos | C11: Organizador | D11: ◀ 1 | E11: crear_pedido | N11: =IF(ISNUMBER(H11),H11-N(I11),"") | O11: =IF(AND(ISNUMBER(H11),N(H11)>0),(H11-N(I11))/H11,"") | P11: =IF(ISNUMBER(H11),IF(H11<=Portada!$E$21,"En meta","Arriba"),"")
A12: Equipo 3 | B12: Pedidos | C12: Organizador | D12: 2 | E12: listar_pedidos | N12: =IF(ISNUMBER(H12),H12-N(I12),"") | O12: =IF(AND(ISNUMBER(H12),N(H12)>0),(H12-N(I12))/H12,"") | P12: =IF(ISNUMBER(H12),IF(H12<=Portada!$E$21,"En meta","Arriba"),"")
A13: Equipo 3 | B13: Pedidos | C13: Organizador | D13: 3 | E13: cambiar_estado_pedido | N13: =IF(ISNUMBER(H13),H13-N(I13),"") | O13: =IF(AND(ISNUMBER(H13),N(H13)>0),(H13-N(I13))/H13,"") | P13: =IF(ISNUMBER(H13),IF(H13<=Portada!$E$21,"En meta","Arriba"),"")
A14: Equipo 4 | B14: Caja | C14: Organizador | D14: ◀ 1 | E14: calcular_total | N14: =IF(ISNUMBER(H14),H14-N(I14),"") | O14: =IF(AND(ISNUMBER(H14),N(H14)>0),(H14-N(I14))/H14,"") | P14: =IF(ISNUMBER(H14),IF(H14<=Portada!$E$21,"En meta","Arriba"),"")
A15: Equipo 4 | B15: Caja | C15: Organizador | D15: 2 | E15: cobrar_pedido | N15: =IF(ISNUMBER(H15),H15-N(I15),"") | O15: =IF(AND(ISNUMBER(H15),N(H15)>0),(H15-N(I15))/H15,"") | P15: =IF(ISNUMBER(H15),IF(H15<=Portada!$E$21,"En meta","Arriba"),"")
A16: Equipo 4 | B16: Caja | C16: Organizador | D16: 3 | E16: corte_de_caja | N16: =IF(ISNUMBER(H16),H16-N(I16),"") | O16: =IF(AND(ISNUMBER(H16),N(H16)>0),(H16-N(I16))/H16,"") | P16: =IF(ISNUMBER(H16),IF(H16<=Portada!$E$21,"En meta","Arriba"),"")
A17: Equipo 5 | B17: Inventario | C17: Organizador | D17: ◀ 1 | E17: registrar_entrada | N17: =IF(ISNUMBER(H17),H17-N(I17),"") | O17: =IF(AND(ISNUMBER(H17),N(H17)>0),(H17-N(I17))/H17,"") | P17: =IF(ISNUMBER(H17),IF(H17<=Portada!$E$21,"En meta","Arriba"),"")
A18: Equipo 5 | B18: Inventario | C18: Organizador | D18: 2 | E18: descontar_pedido | N18: =IF(ISNUMBER(H18),H18-N(I18),"") | O18: =IF(AND(ISNUMBER(H18),N(H18)>0),(H18-N(I18))/H18,"") | P18: =IF(ISNUMBER(H18),IF(H18<=Portada!$E$21,"En meta","Arriba"),"")
A19: Equipo 5 | B19: Inventario | C19: Organizador | D19: 3 | E19: productos_stock_bajo | N19: =IF(ISNUMBER(H19),H19-N(I19),"") | O19: =IF(AND(ISNUMBER(H19),N(H19)>0),(H19-N(I19))/H19,"") | P19: =IF(ISNUMBER(H19),IF(H19<=Portada!$E$21,"En meta","Arriba"),"")
A20: Equipo 6 | B20: Reportes | C20: Organizador | D20: ◀ 1 | E20: ventas_del_dia | N20: =IF(ISNUMBER(H20),H20-N(I20),"") | O20: =IF(AND(ISNUMBER(H20),N(H20)>0),(H20-N(I20))/H20,"") | P20: =IF(ISNUMBER(H20),IF(H20<=Portada!$E$21,"En meta","Arriba"),"")
A21: Equipo 6 | B21: Reportes | C21: Organizador | D21: 2 | E21: productos_mas_vendidos | N21: =IF(ISNUMBER(H21),H21-N(I21),"") | O21: =IF(AND(ISNUMBER(H21),N(H21)>0),(H21-N(I21))/H21,"") | P21: =IF(ISNUMBER(H21),IF(H21<=Portada!$E$21,"En meta","Arriba"),"")
A22: Equipo 6 | B22: Reportes | C22: Organizador | D22: 3 | E22: resumen_por_estado | N22: =IF(ISNUMBER(H22),H22-N(I22),"") | O22: =IF(AND(ISNUMBER(H22),N(H22)>0),(H22-N(I22))/H22,"") | P22: =IF(ISNUMBER(H22),IF(H22<=Portada!$E$21,"En meta","Arriba"),"")
A24: ◀ marca la celda donde cada equipo pega. Al pegar, el número 1 reemplaza el símbolo; es normal.

Sheet Desperdicios
A1: Registro de desperdicios
A2: Cada equipo pega aquí registro/desperdicios_<modulo>.txt en la primera fila libre (columna Act.) y escribe la contramedida
A4: # | B4: Act. | C4: Equipo | D4: Tipo de desperdicio | E4: ¿Qué pasó? | F4: Min perdidos | G4: Contramedida (cómo evitarlo) | H4: Lo detectó
A5: 1
A6: 2
A7: 3
A8: 4
A9: 5
A10: 6
A11: 7
A12: 8
A13: 9
A14: 10
A15: 11
A16: 12
... A44: 40
E46: Total de minutos perdidos | F46: =SUM(F5:F44) -> 0

Sheet Revisiones
A1: Revisión de Pull Requests
A2: El equipo organizador revisa los 6 PR. Un renglón por equipo; se llena al aprobar (formato de hora 10:42)
A4: Equipo autor | B4: Módulo | C4: Revisó (nombre) | D4: PR # | E4: Abierto | F4: Aprobado | G4: Espera de revisión (min) | H4: Cambios pedidos | I4: Qué pidieron corregir
A5: Equipo 1 | B5: Usuarios | G5: =IF(AND(ISNUMBER(E5),ISNUMBER(F5)),ROUND((F5-E5)*1440,0),"")
A6: Equipo 2 | B6: Catálogo | G6: =IF(AND(ISNUMBER(E6),ISNUMBER(F6)),ROUND((F6-E6)*1440,0),"")
A7: Equipo 3 | B7: Pedidos | G7: =IF(AND(ISNUMBER(E7),ISNUMBER(F7)),ROUND((F7-E7)*1440,0),"")
A8: Equipo 4 | B8: Caja | G8: =IF(AND(ISNUMBER(E8),ISNUMBER(F8)),ROUND((F8-E8)*1440,0),"")
A9: Equipo 5 | B9: Inventario | G9: =IF(AND(ISNUMBER(E9),ISNUMBER(F9)),ROUND((F9-E9)*1440,0),"")
A10: Equipo 6 | B10: Reportes | G10: =IF(AND(ISNUMBER(E10),ISNUMBER(F10)),ROUND((F10-E10)*1440,0),"")
A12: Cada cambio pedido cuenta como un defecto encontrado en revisión. Si muchos PR esperan al mismo tiempo, esa cola es desperdicio: repártanse la revisión.

Sheet Retrospectiva
A1: Retrospectiva y mejora continua
A2: Respondan con datos de Flujo, Desperdicios, Revisiones y Resultados
A4: Equipo | B4: ¿Qué funcionó bien? | C4: Mayor desperdicio (con minutos) | D4: Mejora que proponemos | E4: ¿La actividad 3 salió mejor que la 1? (lead y defectos)
A5: Equipo 1
A6: Equipo 2
A7: Equipo 3
A8: Equipo 4
A9: Equipo 5
A10: Equipo 6
A12: Mejora que el grupo propone para la próxima vez
A17: Conclusión: ¿qué nos dicen los datos? (equipos, actividad 1 contra 3, desperdicio y espera de revisión)

Sheet Resultados
A1: Resultados del grupo
A2: Todo se calcula solo a partir de las otras hojas
A4: Equipo | B4: Módulo | C4: Terminadas | D4: Lead total (min) | E4: Lead prom. (min) | F4: Espera (min) | G4: Eficiencia | H4: Defectos en pruebas | I4: Defectos en revisión | J4: Bien a la 1a | K4: Min desperdicio | L4: Espera revisión (min)
A5: Equipo 1 | B5: Usuarios | C5: =COUNTIFS(Flujo!$A$5:$A$22,"Equipo 1",Flujo!$H$5:$H$22,">=0") -> 0 | D5: =SUMIF(Flujo!$A$5:$A$22,"Equipo 1",Flujo!$H$5:$H$22) -> 0 | E5: =IF(C5>0,D5/C5,"") | F5: =SUMIF(Flujo!$A$5:$A$22,"Equipo 1",Flujo!$I$5:$I$22) -> 0 | G5: =IF(D5>0,(D5-F5)/D5,"") | H5: =SUMIF(Flujo!$A$5:$A$22,"Equipo 1",Flujo!$K$5:$K$22) -> 0 | I5: =SUMIF(Revisiones!$A$5:$A$10,"Equipo 1",Revisiones!$H$5:$H$10) -> 0 | J5: =IF(COUNTIFS(Flujo!$A$5:$A$22,"Equipo 1",Flujo!$M$5:$M$22,"?*")=0,"",COUNTIFS(Flujo!$A$5:$A$22,"Equipo 1",Flujo!$M$5:$M$22,"Sí")/COUNTIFS(Flujo!$A$5:$A$22,"Equipo 1",Flujo!$M$5:$M$22,"?*")) | K5: =SUMIF(Desperdicios!$C$5:$C$44,"Equipo 1",Desperdicios!$F$5:$F$44) -> 0 | L5: =SUMIF(Revisiones!$A$5:$A$10,"Equipo 1",Revisiones!$G$5:$G$10) -> 0
A6: Equipo 2 | B6: Catálogo | C6: =COUNTIFS(Flujo!$A$5:$A$22,"Equipo 2",Flujo!$H$5:$H$22,">=0") -> 0 | D6: =SUMIF(Flujo!$A$5:$A$22,"Equipo 2",Flujo!$H$5:$H$22) -> 0 | E6: =IF(C6>0,D6/C6,"") | F6: =SUMIF(Flujo!$A$5:$A$22,"Equipo 2",Flujo!$I$5:$I$22) -> 0 | G6: =IF(D6>0,(D6-F6)/D6,"") | H6: =SUMIF(Flujo!$A$5:$A$22,"Equipo 2",Flujo!$K$5:$K$22) -> 0 | I6: =SUMIF(Revisiones!$A$5:$A$10,"Equipo 2",Revisiones!$H$5:$H$10) -> 0 | J6: =IF(COUNTIFS(Flujo!$A$5:$A$22,"Equipo 2",Flujo!$M$5:$M$22,"?*")=0,"",COUNTIFS(Flujo!$A$5:$A$22,"Equipo 2",Flujo!$M$5:$M$22,"Sí")/COUNTIFS(Flujo!$A$5:$A$22,"Equipo 2",Flujo!$M$5:$M$22,"?*")) | K6: =SUMIF(Desperdicios!$C$5:$C$44,"Equipo 2",Desperdicios!$F$5:$F$44) -> 0 | L6: =SUMIF(Revisiones!$A$5:$A$10,"Equipo 2",Revisiones!$G$5:$G$10) -> 0
A7: Equipo 3 | B7: Pedidos | C7: =COUNTIFS(Flujo!$A$5:$A$22,"Equipo 3",Flujo!$H$5:$H$22,">=0") -> 0 | D7: =SUMIF(Flujo!$A$5:$A$22,"Equipo 3",Flujo!$H$5:$H$22) -> 0 | E7: =IF(C7>0,D7/C7,"") | F7: =SUMIF(Flujo!$A$5:$A$22,"Equipo 3",Flujo!$I$5:$I$22) -> 0 | G7: =IF(D7>0,(D7-F7)/D7,"") | H7: =SUMIF(Flujo!$A$5:$A$22,"Equipo 3",Flujo!$K$5:$K$22) -> 0 | I7: =SUMIF(Revisiones!$A$5:$A$10,"Equipo 3",Revisiones!$H$5:$H$10) -> 0 | J7: =IF(COUNTIFS(Flujo!$A$5:$A$22,"Equipo 3",Flujo!$M$5:$M$22,"?*")=0,"",COUNTIFS(Flujo!$A$5:$A$22,"Equipo 3",Flujo!$M$5:$M$22,"Sí")/COUNTIFS(Flujo!$A$5:$A$22,"Equipo 3",Flujo!$M$5:$M$22,"?*")) | K7: =SUMIF(Desperdicios!$C$5:$C$44,"Equipo 3",Desperdicios!$F$5:$F$44) -> 0 | L7: =SUMIF(Revisiones!$A$5:$A$10,"Equipo 3",Revisiones!$G$5:$G$10) -> 0
A8: Equipo 4 | B8: Caja | C8: =COUNTIFS(Flujo!$A$5:$A$22,"Equipo 4",Flujo!$H$5:$H$22,">=0") -> 0 | D8: =SUMIF(Flujo!$A$5:$A$22,"Equipo 4",Flujo!$H$5:$H$22) -> 0 | E8: =IF(C8>0,D8/C8,"") | F8: =SUMIF(Flujo!$A$5:$A$22,"Equipo 4",Flujo!$I$5:$I$22) -> 0 | G8: =IF(D8>0,(D8-F8)/D8,"") | H8: =SUMIF(Flujo!$A$5:$A$22,"Equipo 4",Flujo!$K$5:$K$22) -> 0 | I8: =SUMIF(Revisiones!$A$5:$A$10,"Equipo 4",Revisiones!$H$5:$H$10) -> 0 | J8: =IF(COUNTIFS(Flujo!$A$5:$A$22,"Equipo 4",Flujo!$M$5:$M$22,"?*")=0,"",COUNTIFS(Flujo!$A$5:$A$22,"Equipo 4",Flujo!$M$5:$M$22,"Sí")/COUNTIFS(Flujo!$A$5:$A$22,"Equipo 4",Flujo!$M$5:$M$22,"?*")) | K8: =SUMIF(Desperdicios!$C$5:$C$44,"Equipo 4",Desperdicios!$F$5:$F$44) -> 0 | L8: =SUMIF(Revisiones!$A$5:$A$10,"Equipo 4",Revisiones!$G$5:$G$10) -> 0
A9: Equipo 5 | B9: Inventario | C9: =COUNTIFS(Flujo!$A$5:$A$22,"Equipo 5",Flujo!$H$5:$H$22,">=0") -> 0 | D9: =SUMIF(Flujo!$A$5:$A$22,"Equipo 5",Flujo!$H$5:$H$22) -> 0 | E9: =IF(C9>0,D9/C9,"") | F9: =SUMIF(Flujo!$A$5:$A$22,"Equipo 5",Flujo!$I$5:$I$22) -> 0 | G9: =IF(D9>0,(D9-F9)/D9,"") | H9: =SUMIF(Flujo!$A$5:$A$22,"Equipo 5",Flujo!$K$5:$K$22) -> 0 | I9: =SUMIF(Revisiones!$A$5:$A$10,"Equipo 5",Revisiones!$H$5:$H$10) -> 0 | J9: =IF(COUNTIFS(Flujo!$A$5:$A$22,"Equipo 5",Flujo!$M$5:$M$22,"?*")=0,"",COUNTIFS(Flujo!$A$5:$A$22,"Equipo 5",Flujo!$M$5:$M$22,"Sí")/COUNTIFS(Flujo!$A$5:$A$22,"Equipo 5",Flujo!$M$5:$M$22,"?*")) | K9: =SUMIF(Desperdicios!$C$5:$C$44,"Equipo 5",Desperdicios!$F$5:$F$44) -> 0 | L9: =SUMIF(Revisiones!$A$5:$A$10,"Equipo 5",Revisiones!$G$5:$G$10) -> 0
A10: Equipo 6 | B10: Reportes | C10: =COUNTIFS(Flujo!$A$5:$A$22,"Equipo 6",Flujo!$H$5:$H$22,">=0") -> 0 | D10: =SUMIF(Flujo!$A$5:$A$22,"Equipo 6",Flujo!$H$5:$H$22) -> 0 | E10: =IF(C10>0,D10/C10,"") | F10: =SUMIF(Flujo!$A$5:$A$22,"Equipo 6",Flujo!$I$5:$I$22) -> 0 | G10: =IF(D10>0,(D10-F10)/D10,"") | H10: =SUMIF(Flujo!$A$5:$A$22,"Equipo 6",Flujo!$K$5:$K$22) -> 0 | I10: =SUMIF(Revisiones!$A$5:$A$10,"Equipo 6",Revisiones!$H$5:$H$10) -> 0 | J10: =IF(COUNTIFS(Flujo!$A$5:$A$22,"Equipo 6",Flujo!$M$5:$M$22,"?*")=0,"",COUNTIFS(Flujo!$A$5:$A$22,"Equipo 6",Flujo!$M$5:$M$22,"Sí")/COUNTIFS(Flujo!$A$5:$A$22,"Equipo 6",Flujo!$M$5:$M$22,"?*")) | K10: =SUMIF(Desperdicios!$C$5:$C$44,"Equipo 6",Desperdicios!$F$5:$F$44) -> 0 | L10: =SUMIF(Revisiones!$A$5:$A$10,"Equipo 6",Revisiones!$G$5:$G$10) -> 0
A11: Grupo | C11: =SUM(C5:C10) -> 0 | D11: =SUM(D5:D10) -> 0 | E11: =IF(C11>0,D11/C11,"") | F11: =SUM(F5:F10) -> 0 | G11: =IF(D11>0,(D11-F11)/D11,"") | H11: =SUM(H5:H10) -> 0 | I11: =SUM(I5:I10) -> 0 | J11: =IF(COUNTIF(Flujo!$M$5:$M$22,"?*")=0,"",COUNTIF(Flujo!$M$5:$M$22,"Sí")/COUNTIF(Flujo!$M$5:$M$22,"?*")) | K11: =SUM(K5:K10) -> 0 | L11: =IF(COUNT(Revisiones!$G$5:$G$10)=0,"",AVERAGE(Revisiones!$G$5:$G$10))
A13: Actividad 1 contra actividad 3 (curva de aprendizaje)
A14: Actividad | C14: Terminadas | D14: Lead total (min) | E14: Lead prom. (min) | F14: Espera (min) | G14: Eficiencia | H14: Defectos por actividad | I14: % bien a la 1a | J14: Min desperdicio
A15: 1 | C15: =COUNTIFS(Flujo!$D$5:$D$22,$A15,Flujo!$H$5:$H$22,">=0") -> 0 | D15: =SUMIF(Flujo!$D$5:$D$22,$A15,Flujo!$H$5:$H$22) -> 0 | E15: =IF(C15>0,D15/C15,"") | F15: =SUMIF(Flujo!$D$5:$D$22,$A15,Flujo!$I$5:$I$22) -> 0 | G15: =IF(D15>0,(D15-F15)/D15,"") | H15: =IF(C15>0,SUMIF(Flujo!$D$5:$D$22,$A15,Flujo!$K$5:$K$22)/C15,"") | I15: =IF(COUNTIFS(Flujo!$D$5:$D$22,$A15,Flujo!$M$5:$M$22,"?*")=0,"",COUNTIFS(Flujo!$D$5:$D$22,$A15,Flujo!$M$5:$M$22,"Sí")/COUNTIFS(Flujo!$D$5:$D$22,$A15,Flujo!$M$5:$M$22,"?*")) | J15: =SUMIF(Desperdicios!$B$5:$B$44,$A15,Desperdicios!$F$5:$F$44) -> 0
A16: 2 | C16: =COUNTIFS(Flujo!$D$5:$D$22,$A16,Flujo!$H$5:$H$22,">=0") -> 0 | D16: =SUMIF(Flujo!$D$5:$D$22,$A16,Flujo!$H$5:$H$22) -> 0 | E16: =IF(C16>0,D16/C16,"") | F16: =SUMIF(Flujo!$D$5:$D$22,$A16,Flujo!$I$5:$I$22) -> 0 | G16: =IF(D16>0,(D16-F16)/D16,"") | H16: =IF(C16>0,SUMIF(Flujo!$D$5:$D$22,$A16,Flujo!$K$5:$K$22)/C16,"") | I16: =IF(COUNTIFS(Flujo!$D$5:$D$22,$A16,Flujo!$M$5:$M$22,"?*")=0,"",COUNTIFS(Flujo!$D$5:$D$22,$A16,Flujo!$M$5:$M$22,"Sí")/COUNTIFS(Flujo!$D$5:$D$22,$A16,Flujo!$M$5:$M$22,"?*")) | J16: =SUMIF(Desperdicios!$B$5:$B$44,$A16,Desperdicios!$F$5:$F$44) -> 0
A17: 3 | C17: =COUNTIFS(Flujo!$D$5:$D$22,$A17,Flujo!$H$5:$H$22,">=0") -> 0 | D17: =SUMIF(Flujo!$D$5:$D$22,$A17,Flujo!$H$5:$H$22) -> 0 | E17: =IF(C17>0,D17/C17,"") | F17: =SUMIF(Flujo!$D$5:$D$22,$A17,Flujo!$I$5:$I$22) -> 0 | G17: =IF(D17>0,(D17-F17)/D17,"") | H17: =IF(C17>0,SUMIF(Flujo!$D$5:$D$22,$A17,Flujo!$K$5:$K$22)/C17,"") | I17: =IF(COUNTIFS(Flujo!$D$5:$D$22,$A17,Flujo!$M$5:$M$22,"?*")=0,"",COUNTIFS(Flujo!$D$5:$D$22,$A17,Flujo!$M$5:$M$22,"Sí")/COUNTIFS(Flujo!$D$5:$D$22,$A17,Flujo!$M$5:$M$22,"?*")) | J17: =SUMIF(Desperdicios!$B$5:$B$44,$A17,Desperdicios!$F$5:$F$44) -> 0
A18: Si la actividad 3 tiene menor lead promedio y menos defectos que la 1, el grupo aprendió durante la sesión (amplificar el aprendizaje).
A20: Minutos de desperdicio por tipo
A21: Tipo | D21: Minutos | E21: Registros
A22: Espera | D22: =SUMIF(Desperdicios!$D$5:$D$44,$A22,Desperdicios!$F$5:$F$44) -> 0 | E22: =COUNTIF(Desperdicios!$D$5:$D$44,$A22) -> 0
A23: Retrabajo / defecto | D23: =SUMIF(Desperdicios!$D$5:$D$44,$A23,Desperdicios!$F$5:$F$44) -> 0 | E23: =COUNTIF(Desperdicios!$D$5:$D$44,$A23) -> 0
A24: Trabajo parcialmente hecho | D24: =SUMIF(Desperdicios!$D$5:$D$44,$A24,Desperdicios!$F$5:$F$44) -> 0 | E24: =COUNTIF(Desperdicios!$D$5:$D$44,$A24) -> 0
A25: Cambio de tarea | D25: =SUMIF(Desperdicios!$D$5:$D$44,$A25,Desperdicios!$F$5:$F$44) -> 0 | E25: =COUNTIF(Desperdicios!$D$5:$D$44,$A25) -> 0
A26: Funcionalidad extra | D26: =SUMIF(Desperdicios!$D$5:$D$44,$A26,Desperdicios!$F$5:$F$44) -> 0 | E26: =COUNTIF(Desperdicios!$D$5:$D$44,$A26) -> 0
A27: Transferencia / traspaso | D27: =SUMIF(Desperdicios!$D$5:$D$44,$A27,Desperdicios!$F$5:$F$44) -> 0 | E27: =COUNTIF(Desperdicios!$D$5:$D$44,$A27) -> 0
A28: Demoras de proceso | D28: =SUMIF(Desperdicios!$D$5:$D$44,$A28,Desperdicios!$F$5:$F$44) -> 0 | E28: =COUNTIF(Desperdicios!$D$5:$D$44,$A28) -> 0
